Date,Stock,Open,High,Low,Close,Volume,Returns,RSI,MACD,SMA50,EMA20,Volatility,52W_High,52W_Low
2022-01-31,RELIANCE.NS,1091.4471435546875,1184.8084716796875,1063.757080078125,1101.41552734375,274562944,,41.94209833343045,,,1121.0721907507104,,,
2022-02-28,RELIANCE.NS,1111.2916259765625,1133.628173828125,1035.1441650390625,1088.931884765625,251101938,-0.011334180668608695,47.607232890166145,-9.241026900458337,,1094.4586266497683,0.08398715922276324,,
2022-03-31,RELIANCE.NS,1077.3482666015625,1240.5115966796875,1006.0696411132812,1215.9366455078125,314247631,0.11663241982258898,66.54176417133434,32.919155393477695,1115.2152783203126,1157.7222919182911,0.09322651867433354,,
2022-04-30,RELIANCE.NS,1216.5135498046875,1318.11279296875,1163.810302734375,1287.699951171875,295144142,0.0590189512991377,64.11563788700903,34.07986126492074,1164.7785180664061,1236.6579244212019,0.08146493223909575,,
2022-05-31,RELIANCE.NS,1274.66259765625,1294.73779296875,1093.754638671875,1214.967529296875,403745610,-0.05648242962874206,54.06090204134122,2.191811342986284,1203.8001831054687,1195.2938095396487,0.10752129047726922,,
2022-06-30,RELIANCE.NS,1215.72900390625,1300.20654296875,1128.3670654296875,1197.89208984375,351700770,-0.014054235229649992,50.57886083957813,-11.552607562660796,1209.5278540039062,1191.2497307315848,0.08723045400896293,,
2022-07-31,RELIANCE.NS,1188.31591796875,1196.20751953125,1091.4471435546875,1158.1107177734375,426895033,-0.033209478890123934,54.43073875612105,-7.392147201899434,1173.0172119140625,1135.5842550891934,0.09551626808635665,,
2022-08-31,RELIANCE.NS,1162.5872802734375,1235.388916015625,1157.2569580078125,1217.4134521484375,235203079,0.05120644638278993,58.09947682884282,14.144200054867952,1163.5061547851562,1199.235067749041,0.05446461792386352,,
2022-09-30,RELIANCE.NS,1191.892578125,1213.6060791015625,1066.526123046875,1097.331298828125,257534235,-0.09863711716705348,35.59482631207605,-26.61399058099323,1172.6503100585937,1140.1310886721371,0.06279765556676857,,
2022-10-31,RELIANCE.NS,1103.6768798828125,1181.8780517578125,1081.3402099609375,1176.6400146484375,204763153,0.07227417636315381,61.688837252936885,4.306293686147683,1154.3933813476563,1136.0476455176888,0.059879830390489275,,
2022-11-30,RELIANCE.NS,1199.8995361328125,1267.0247802734375,1154.672607421875,1260.517578125,226250915,0.07128566293202576,71.86984683272216,21.351242519174093,1155.8563452148437,1202.293268856274,0.0540251250466142,,
2022-12-31,RELIANCE.NS,1265.3402099609375,1271.4320068359375,1150.1729736328125,1175.5323486328125,197847431,-0.06742089992794997,43.39667331383741,-8.641444479563233,1194.4428051757814,1189.779040650446,0.04793727526298082,,
2023-01-31,RELIANCE.NS,1176.8245849609375,1202.6685791015625,1061.9111328125,1086.3013916015625,285629542,-0.07590684946699167,30.352808777839357,-24.673175941810996,1178.6590454101563,1130.8150808105365,0.05382087766682936,1318.11279296875,1006.0696411132812
2023-02-28,RELIANCE.NS,1098.3465576171875,1137.0433349609375,1058.2191162109375,1071.8564453125,305711483,-0.013297365170236941,38.25098903070411,-8.150704748701173,1128.23373046875,1100.5259246632652,0.0550502692442947,1318.11279296875,1006.0696411132812
2023-03-31,RELIANCE.NS,1081.755615234375,1118.9525146484375,1006.0696411132812,1075.7791748046875,348033691,0.0036597526742900843,54.05421032869424,-13.71464476626852,1080.4583422851563,1053.472330473013,0.08004822233984096,1318.11279296875,1006.0696411132812
2023-04-30,RELIANCE.NS,1082.2171630859375,1119.114013671875,1065.3955078125,1117.060302734375,209837745,0.03837323578715135,65.2267682776515,8.967927973033966,1077.5384252929687,1083.6610211519671,0.0517838325663321,1318.11279296875,1006.0696411132812
2023-05-31,RELIANCE.NS,1124.305908203125,1171.148193359375,1113.6221923828125,1139.8583984375,218569023,0.020409010728712706,55.10824252361461,12.348088249097827,1097.7996533203125,1134.4659133532723,0.045243032749617836,1300.20654296875,1006.0696411132812
2023-06-30,RELIANCE.NS,1144.5888671875,1192.515625,1131.1361083984375,1176.93994140625,223723612,0.03253171009625477,59.46854932552583,8.198219965910539,1141.327861328125,1161.716884583316,0.03588855820491081,1271.4320068359375,1006.0696411132812
2023-07-31,RELIANCE.NS,1180.5396728515625,1318.0435791015625,1179.2935791015625,1274.625,416254816,0.08299918726271827,59.8120803772714,20.482279838023942,1198.4331005859376,1251.9016323031012,0.07254234104556387,1318.0435791015625,1006.0696411132812
2023-08-31,RELIANCE.NS,1277.5,1291.4000244140625,1199.949951171875,1203.5,298475086,-0.055800725703638365,34.19844077275741,-9.172326537420304,1241.9023266601562,1242.5853338697063,0.03981027794807841,1318.0435791015625,1006.0696411132812
2023-09-30,RELIANCE.NS,1203.2750244140625,1241.5,1162.5,1172.5,317033836,-0.025758205234732046,35.526783779762965,-17.181738656826155,1234.11,1199.2362843849005,0.03920985124696342,1318.0435791015625,1006.0696411132812
2023-10-31,RELIANCE.NS,1164.9749755859375,1183.5,1110.1500244140625,1143.949951171875,205673358,-0.024349721815032033,42.97507320308419,-14.668869070420442,1190.1369995117188,1155.448076881893,0.04644226397296894,1318.0435791015625,1006.0696411132812
2023-11-30,RELIANCE.NS,1144.574951171875,1205.9749755859375,1137.5999755859375,1188.7249755859375,205714960,0.03914071972134314,56.36194700889056,8.640735912593755,1169.114990234375,1179.8662292241054,0.03362370703376516,1318.0435791015625,1006.0696411132812
2023-12-31,RELIANCE.NS,1189.0,1307.0,1188.800048828125,1292.4749755859375,255462630,0.08727838829907686,70.5855322609603,27.741616258382237,1199.1799975585936,1255.0263156314666,0.039676544226727346,1318.0435791015625,1006.0696411132812
2022-01-31,TCS.NS,3750.0,4043.0,3625.10009765625,3736.25,66332036,,41.26100944878491,,,3816.022956173316,,,
2022-02-28,TCS.NS,3770.0,3882.5,3391.10009765625,3554.199951171875,66967591,-0.04872533926480427,39.24185916522852,-73.79735041699405,,3681.1891924695688,0.0861216426094113,,
2022-03-31,TCS.NS,3552.5,3779.5,3431.550048828125,3739.949951171875,50559459,0.05226211314834872,56.718326382229186,16.42290256988781,3700.311982421875,3679.992276991397,0.05393732268114663,,
2022-04-30,TCS.NS,3748.0,3835.60009765625,3439.14990234375,3546.699951171875,43295317,-0.05167181446892011,42.05401631496368,-35.1725855192858,3643.16498046875,3612.203365524659,0.06419459496090166,,
2022-05-31,TCS.NS,3519.89990234375,3547.949951171875,3154.050048828125,3364.35009765625,51124294,-0.05141394987624326,46.728472745706576,-69.89394211451918,3541.6549951171874,3371.944817334288,0.09027059708208186,,
2022-06-30,TCS.NS,3388.0,3477.300048828125,3023.85009765625,3267.10009765625,50689330,-0.028906028557416974,46.82489573396501,-25.85149939502162,3367.259990234375,3282.469559657269,0.07818242842561768,,
2022-07-31,TCS.NS,3260.0,3333.0,2953.0,3301.89990234375,59847596,0.010651588150747182,59.46292117280761,-8.185703093748543,3238.225,3184.062904499723,0.08370902102349556,,
2022-08-31,TCS.NS,3327.0,3428.699951171875,3081.0,3211.14990234375,34342786,-0.02748417659044844,43.266061495932114,-10.929501399991295,3245.555009765625,3276.261378073161,0.05683544447994484,,
2022-09-30,TCS.NS,3190.0,3269.800048828125,2926.10009765625,3004.550048828125,53936799,-0.06433827750141219,37.490449835351406,-59.989077656555764,3197.27099609375,3072.9397020808647,0.056337481291470176,,
2022-10-31,TCS.NS,2995.0,3199.0,2974.0,3193.14990234375,36559310,0.06277141350638682,60.850423033029756,18.939375938277408,3131.2949853515624,3128.6975586616727,0.052891622486897105,,
2022-11-30,TCS.NS,3214.5,3429.0,3166.14990234375,3390.800048828125,35504157,0.061898173442875626,67.14198180264717,57.433894803560634,3176.533984375,3314.078855544443,0.05279134023048954,,
2022-12-31,TCS.NS,3425.0,3480.0,3163.64990234375,3256.699951171875,32369777,-0.039548217448739154,45.80148183232485,-15.978861065083493,3287.63599609375,3281.259400731733,0.04590703118040519,,
2023-01-31,TCS.NS,3261.0,3458.449951171875,3200.0,3358.699951171875,39921886,0.03132004837083535,50.705901177759614,30.269570762045078,3334.6050048828124,3365.368480424174,0.06352333270877185,3882.5,2926.10009765625
2023-02-28,TCS.NS,3363.0,3575.0,3299.89990234375,3312.85009765625,31342992,-0.013651071599780074,36.46179700349637,-7.577779711452422,3378.315009765625,3427.683552492844,0.05283234833001703,3835.60009765625,2926.10009765625
2023-03-31,TCS.NS,3323.0,3404.949951171875,3095.050048828125,3205.89990234375,39995219,-0.032283439382954415,45.27258345165515,-64.72638755563412,3352.032001953125,3211.352647058659,0.05353619166123159,3835.60009765625,2926.10009765625
2023-04-30,TCS.NS,3224.949951171875,3272.949951171875,3070.25,3219.25,43824242,0.004164227849562607,53.05421456027964,-15.774047686307313,3265.1769970703126,3185.9646195570945,0.049671362720684634,3623.25,2926.10009765625
2023-05-31,TCS.NS,3235.0,3372.0,3173.14990234375,3289.5,36616015,0.021821852916051876,55.13571442184322,24.504790771555236,3210.8489990234375,3270.7416446114935,0.04006950407492028,3575.0,2926.10009765625
2023-06-30,TCS.NS,3314.0,3340.0,3156.0,3302.25,38361975,0.003875968992248069,58.38867582642435,-5.772489952777505,3242.0379931640623,3238.011968710054,0.050496894729716024,3575.0,2926.10009765625
2023-07-31,TCS.NS,3314.300048828125,3549.89990234375,3250.10009765625,3421.449951171875,47658115,0.03609658601616328,57.20118656417382,32.92286982471569,3307.330986328125,3373.9510227233104,0.0743819798208998,3575.0,2926.10009765625
2023-08-31,TCS.NS,3415.0,3489.949951171875,3343.64990234375,3356.800048828125,35920566,-0.018895469250282848,43.22558608934708,-5.216386672046156,3373.6499951171877,3397.3405358668088,0.035831466841045996,3575.0,2926.10009765625
2023-09-30,TCS.NS,3366.0,3633.75,3356.800048828125,3528.60009765625,38442941,0.051179708749140795,52.67842644566645,38.2428125057877,3459.0769970703127,3531.926782011039,0.042429542446325616,3633.75,2926.10009765625
2023-10-31,TCS.NS,3534.199951171875,3679.0,3330.0,3368.75,39818106,-0.04530127904333081,36.18559727561218,-44.25130199566502,3486.695,3461.1468568385776,0.04715247252490887,3679.0,3070.25
2023-11-30,TCS.NS,3355.0,3544.0,3311.0,3487.60009765625,36207838,0.035280177411873836,53.98353625554293,14.836661485924651,3487.2280029296876,3460.710419738525,0.04764267572244579,3679.0,3070.25
2023-12-31,TCS.NS,3500.0,3929.0,3490.050048828125,3793.39990234375,45572195,0.08768201517513563,63.506225245155534,81.69691558561362,3537.453994140625,3715.5419968102474,0.06817120465323007,3929.0,3070.25
2022-01-31,INFY.NS,1887.75,1953.9000244140625,1665.0,1736.199951171875,141619689,,34.777918665355315,,,1809.3986376730268,,,
2022-02-28,INFY.NS,1766.0999755859375,1792.800048828125,1665.0,1715.5999755859375,128928283,-0.011864978784288827,45.06371610292545,-24.99080544809317,,1733.1160278415618,0.08673665009151053,,
2022-03-31,INFY.NS,1710.0,1923.300048828125,1681.0,1906.8499755859375,154420688,0.1114770358601116,63.60536065379596,35.77893572394032,1781.7059985351561,1848.449759950279,0.06879350858467179,,
2022-04-30,INFY.NS,1886.8499755859375,1910.300048828125,1550.0,1567.550048828125,170696670,-0.17793739995384394,32.51947173298896,-70.34076375914833,1758.5319995117188,1668.3294621222574,0.0971903195360901,,
2022-05-31,INFY.NS,1550.9000244140625,1589.4000244140625,1399.25,1503.5999755859375,176039201,-0.040796192306584156,46.4538597235136,-44.63702815755528,1649.6769995117188,1506.0740167014258,0.10566216720578733,,
2022-06-30,INFY.NS,1513.0,1555.0,1367.1500244140625,1461.9000244140625,139144802,-0.027733407720776926,48.28905108637169,-13.37779892896856,1494.7010009765625,1461.1555165944792,0.07491727297681307,,
2022-07-31,INFY.NS,1454.0,1555.699951171875,1410.6500244140625,1549.699951171875,115124683,0.060058776449506635,60.103995316330796,10.17156794839525,1472.0769995117187,1488.565835347646,0.08702207249648015,,
2022-08-31,INFY.NS,1564.0,1631.3499755859375,1450.0,1492.949951171875,92398681,-0.036619992119820366,41.814867271856606,-4.546324524364763,1512.112998046875,1540.6946758531747,0.07152129049171312,,
2022-09-30,INFY.NS,1460.050048828125,1553.0,1355.0,1413.449951171875,171480153,-0.05325027804019644,43.87511551104991,-31.81565934211835,1498.172001953125,1426.332666657553,0.0794857550802207,,
2022-10-31,INFY.NS,1412.0,1546.4000244140625,1386.0,1537.6500244140625,105106395,0.08787015991561264,64.17234665745173,21.98166643719628,1467.6719995117187,1484.6184043573894,0.06512394466907762,,
2022-11-30,INFY.NS,1553.050048828125,1653.5,1485.0,1634.949951171875,91935458,0.06327833070785371,66.58718521391441,34.13673817737072,1500.4460009765626,1583.0965043892033,0.06900065642226406,,
2022-12-31,INFY.NS,1656.199951171875,1672.5999755859375,1482.449951171875,1508.199951171875,127679808,-0.07752530889960885,40.88292943051871,-18.540222977261692,1558.6970068359376,1535.7977171617335,0.055187556086937775,,
2023-01-31,INFY.NS,1514.0,1568.800048828125,1446.5,1533.75,142093979,0.01694075696546249,52.04026160829851,3.5292765427152517,1546.1160107421874,1525.9819279896487,0.05612516148011755,1923.300048828125,1355.0
2023-02-28,INFY.NS,1542.199951171875,1619.75,1481.300048828125,1487.550048828125,99346960,-0.030122217552974728,34.736114921167456,-5.0054043961879415,1536.6240112304688,1556.1882004546057,0.06381681030030671,1923.300048828125,1355.0
2023-03-31,INFY.NS,1492.4000244140625,1520.4000244140625,1364.550048828125,1427.949951171875,142669535,-0.04006594447239087,45.99062898058521,-34.88610937123667,1506.3660083007812,1427.8522499763144,0.05883843231213614,1919.0,1355.0
2023-04-30,INFY.NS,1435.0,1435.0,1185.300048828125,1252.75,181895956,-0.1226933416175362,31.929274972143077,-56.471156339518075,1421.5440063476562,1304.9365968955394,0.11176130057809333,1672.5999755859375,1185.300048828125
2023-05-31,INFY.NS,1254.550048828125,1332.699951171875,1239.050048828125,1318.300048828125,153758884,0.05232492422919588,57.85629795366257,2.972610479973355,1315.2390014648438,1292.8874692375618,0.04049402326651824,1672.5999755859375,1185.300048828125
2023-06-30,INFY.NS,1322.550048828125,1338.9000244140625,1262.25,1335.5,125302884,0.013047068599568501,62.398126224038315,0.907564589392905,1277.9980029296876,1292.5171457036654,0.058110747669792524,1672.5999755859375,1185.300048828125
2023-07-31,INFY.NS,1330.0,1498.800048828125,1305.0,1355.699951171875,212488786,0.015125384628884353,50.6004355319356,8.8764481787573,1326.65599609375,1358.7110928028374,0.11078823263983376,1672.5999755859375,1185.300048828125
2023-08-31,INFY.NS,1362.0,1444.9000244140625,1348.449951171875,1435.449951171875,107163346,0.05882570101965667,62.922310007768765,16.862166871597537,1370.6109936523437,1404.9367558797019,0.041570620595005034,1672.5999755859375,1185.300048828125
2023-09-30,INFY.NS,1430.949951171875,1518.4000244140625,1416.0,1435.449951171875,101541064,0.0,42.56889330121282,8.641475507896985,1423.6609912109375,1464.3340503263469,0.041945812068312945,1672.5999755859375,1185.300048828125
2023-10-31,INFY.NS,1436.050048828125,1518.25,1353.0999755859375,1368.4000244140625,115659556,-0.04671004147729019,32.814206973193805,-22.80304365475172,1446.5969946289063,1418.4259422996652,0.053050272744623234,1672.5999755859375,1185.300048828125
2023-11-30,INFY.NS,1373.050048828125,1467.9000244140625,1351.6500244140625,1455.1500244140625,85186084,0.06339520494903939,59.06930397092271,10.258703613601483,1433.8400073242187,1429.0512304477315,0.05089761415920815,1672.5999755859375,1185.300048828125
2023-12-31,INFY.NS,1459.9000244140625,1593.0,1433.1500244140625,1542.9000244140625,130077843,0.060303060528301033,58.08765237344798,30.765208741385777,1451.54701171875,1518.7522522856482,0.07922935180774297,1619.75,1185.300048828125
2022-01-31,HDFCBANK.NS,742.5,788.3250122070312,717.5,742.8499755859375,312803614,,40.70990043923768,,,755.014365205968,,,
2022-02-28,HDFCBANK.NS,754.25,769.9749755859375,703.5750122070312,713.125,259272004,-0.040014776284392206,38.48382475687656,-7.324236588573626,,744.2698075590824,0.09859420261291499,,
2022-03-31,HDFCBANK.NS,693.25,759.4000244140625,646.0,735.1749877929688,429124834,0.03092022828111296,53.89042754916482,1.189655703307949,732.6265002441406,724.5812222842987,0.0849995788271573,,
2022-04-30,HDFCBANK.NS,738.2000122070312,861.0499877929688,661.125,692.2999877929688,676464424,-0.05831944871888639,42.89253141246462,-14.415637380955559,722.6905029296875,707.7136504556789,0.13886419978725112,,
2022-05-31,HDFCBANK.NS,681.0250244140625,710.25,639.1500244140625,694.4749755859375,401287586,0.0031416839972835398,55.75623965206805,-2.27065714806281,702.1765002441406,676.7362680087658,0.08231378846142774,,
2022-06-30,HDFCBANK.NS,690.0,700.375,635.7999877929688,674.0,233619242,-0.02948266864282978,51.117427616100414,-1.5561654658000634,672.5899987792968,670.7796206423749,0.05168521591835146,,
2022-07-31,HDFCBANK.NS,671.9749755859375,719.2999877929688,665.0250244140625,717.0999755859375,283971920,0.06394655131444726,68.26414632756205,7.663368774831611,680.4235021972656,691.0480424320838,0.049200850926037064,,
2022-08-31,HDFCBANK.NS,719.5,756.9500122070312,706.4749755859375,743.0499877929688,236677416,0.03618743981385264,60.133230605188395,8.920049789985796,703.7615051269531,729.5910403561693,0.05606143216473927,,
2022-09-30,HDFCBANK.NS,732.375,770.4749755859375,682.5,710.6749877929688,296639138,-0.04357041993387456,41.57104770516285,-7.836360163034215,729.9035009765626,728.3902299998249,0.06158896082376226,,
2022-10-31,HDFCBANK.NS,704.9749755859375,749.0,692.0,748.3499755859375,228859558,0.05301296435093339,61.48010017660657,2.2778624169748127,730.9630004882813,725.0027619133216,0.06630655635412051,,
2022-11-30,HDFCBANK.NS,751.75,821.0,744.7999877929688,804.2249755859375,304524968,0.07466426381086122,63.62659097065329,16.676735982197442,749.8285021972656,788.7250512565278,0.06523983270915389,,
2022-12-31,HDFCBANK.NS,811.0,834.7000122070312,792.7249755859375,814.0750122070312,260319838,0.012247862128277331,54.27487277659521,5.755196131484013,791.36900390625,811.4890356279859,0.03843484382234828,,
2023-01-31,HDFCBANK.NS,813.5,851.2000122070312,780.0,801.75,305998578,-0.015139897456890372,45.370103150180086,2.589634863071524,810.62400390625,812.9894063056987,0.05765460904415322,861.0499877929688,635.7999877929688
2023-02-28,HDFCBANK.NS,812.0,840.9500122070312,788.6500244140625,799.7999877929688,253226370,-0.0024321948325927156,40.74234225532876,-3.9038841581768793,814.0225024414062,814.1443577242055,0.05111448339833032,861.0499877929688,635.7999877929688
2023-03-31,HDFCBANK.NS,806.0,822.9749755859375,766.0250244140625,804.7750244140625,562501094,0.0062203509590219586,55.666946889912765,-4.306863521979949,808.1935021972656,792.9985614922001,0.04937997545113828,861.0499877929688,635.7999877929688
2023-04-30,HDFCBANK.NS,803.7750244140625,860.0,801.375,843.7999877929688,593451762,0.048491767506477323,62.644255959725456,9.845343710686507,812.2990014648437,828.4836882664947,0.04111460263599282,860.0,635.7999877929688
2023-05-31,HDFCBANK.NS,844.3499755859375,867.2249755859375,798.6749877929688,805.4249877929688,771630090,-0.04547878710021447,41.08076864469706,-4.3041464946693395,819.2315026855468,819.3639818511383,0.07278634003134998,867.2249755859375,635.7999877929688
2023-06-30,HDFCBANK.NS,809.9500122070312,854.4000244140625,789.5,850.7000122070312,609572204,0.0562125897510648,71.97982319362387,5.675020080401055,820.2930029296875,818.0764037772117,0.035107370069107434,867.2249755859375,665.0250244140625
2023-07-31,HDFCBANK.NS,856.25,878.75,813.5750122070312,825.5999755859375,928734390,-0.029505156060800952,46.446252788830805,2.528267229977928,821.6040002441406,833.0715723713482,0.0505406767681632,878.75,682.5
2023-08-31,HDFCBANK.NS,827.2249755859375,833.7249755859375,779.2000122070312,785.7249755859375,843366162,-0.04829820879258173,35.56474483278262,-10.233886388560904,821.2689990234375,800.7976514741353,0.03195755899355302,878.75,682.5
2023-09-30,HDFCBANK.NS,785.5,835.0,757.5,763.1500244140625,1027627662,-0.028731365138342735,33.16779572724663,-11.43421635869197,805.1330004882813,785.9811985163391,0.055300007435140804,878.75,682.5
2023-10-31,HDFCBANK.NS,763.5,777.875,730.125,738.25,630175898,-0.03262795468450708,35.834680032514385,-11.613160740584249,778.0965014648438,756.5410035681214,0.04384954491120494,878.75,722.5
2023-11-30,HDFCBANK.NS,731.125,786.2249755859375,731.125,779.4000244140625,582496848,0.05573995856967495,67.4496904602364,4.070470646621175,760.0950024414062,759.1847988897775,0.028213277072053025,878.75,730.125
2023-12-31,HDFCBANK.NS,778.9500122070312,860.7000122070312,776.0499877929688,854.625,756530442,0.09651651684574958,77.75654105753705,19.674525068472576,781.6975012207031,824.6456132933633,0.045452326381683256,878.75,730.125
2022-01-31,ITC.NS,209.9636688232422,218.87063598632812,201.7788848876953,212.033935546875,276441341,,53.11087636154958,,,210.58947750762545,,,
2022-02-28,ITC.NS,212.8042755126953,229.65528869628906,199.32345581054688,207.8452606201172,484222898,-0.019754738391071447,43.47479734727038,-2.309546263550544,,211.87614298685162,0.09234466351842638,,
2022-03-31,ITC.NS,206.4490203857422,248.43212890625,204.57135009765625,241.35470581054688,726218564,0.16122304203835358,64.77977460659001,7.504576145765327,221.03045440673827,234.0064532449,0.054864590579039446,,
2022-04-30,ITC.NS,240.7288055419922,263.0202941894531,239.5733184814453,249.92465209960938,460104965,0.03550768260466208,54.96572119189358,3.649716754102201,234.49875061035155,248.51465176385398,0.0752182687480367,,
2022-05-31,ITC.NS,248.43212890625,271.8791198730469,239.91033935546875,260.6130065917969,480192160,0.0427663073746225,56.05436120167064,3.410852922438778,251.25058685302736,256.8187552633775,0.08283233385386948,,
2022-06-30,ITC.NS,260.6130065917969,265.572021484375,248.96173095703125,263.3573303222656,273499720,0.01053026388190692,58.41635263861909,1.2395018033781753,256.19997253417966,258.63742258887015,0.05174148379778319,,
2022-07-31,ITC.NS,263.3573303222656,294.5557861328125,261.1426086425781,291.81146240234375,328960259,0.10804382033057269,71.65448084801352,6.879559510686704,269.862776184082,283.8895062726902,0.05458752107848625,,
2022-08-31,ITC.NS,292.7262268066406,309.48095703125,291.859619140625,308.6143493652344,255409075,0.05758131234654229,69.94905337620433,4.858573892490085,286.28529388427734,299.2981450171918,0.040584624016198584,,
2022-09-30,ITC.NS,307.65142822265625,336.5870361328125,304.2812194824219,319.88043212890625,325713398,0.03650537567953083,53.603793034754545,4.323879222947994,307.4203192138672,319.0148477923795,0.06929595651039967,,
2022-10-31,ITC.NS,320.5544738769531,340.1016540527344,311.2623596191406,335.7685546875,260157658,0.0496689417756917,62.9283771021875,4.869759740162522,318.9907116699219,327.52746697088975,0.06226550011921061,,
2022-11-30,ITC.NS,336.29815673828125,348.04571533203125,321.9988708496094,327.39117431640625,266092534,-0.02494986577552083,45.196687654907,-0.7339333190336674,328.60638305664065,330.41648628642554,0.04419199554119953,,
2022-12-31,ITC.NS,329.02813720703125,334.4685974121094,313.28448486328125,319.2545471191406,198539185,-0.02485292162885855,42.082477420238604,-2.306804881230846,329.94002319335937,324.06817045440044,0.04973863159840425,,
2023-01-31,ITC.NS,318.628662109375,341.83489990234375,313.9103698730469,339.2831726074219,226874613,0.06273559975578635,69.37120080992727,2.509302950630797,324.51206787109373,325.6321660807321,0.04552414429338833,348.04571533203125,199.32345581054688
2023-02-28,ITC.NS,339.9090881347656,379.38861083984375,316.8954162597656,362.73016357421875,385820835,0.06910743844619405,56.26465738748177,8.34291764453036,339.65390869140623,361.36992732384437,0.07667422193213691,379.38861083984375,199.32345581054688
2023-03-31,ITC.NS,360.37103271484375,379.0034484863281,355.9416198730469,369.2779846191406,245616968,0.018051493099999982,56.50045486448828,1.6069505542951106,359.42833618164065,366.1969884462272,0.0437885597536192,379.38861083984375,239.4288787841797
2023-04-30,ITC.NS,369.75946044921875,412.3684387207031,364.4634094238281,409.7685852050781,177967950,0.10964802201165069,82.74631267210802,9.211898570857898,373.8219934082031,386.2806668465374,0.041356851401933695,412.3684387207031,239.91033935546875
2023-05-31,ITC.NS,410.201904296875,435.2377014160156,396.0951843261719,428.9787292480469,299409671,0.04688047043273125,69.08160660908938,9.657949471400116,393.723525390625,415.05119800249975,0.04914834567895231,435.2377014160156,248.96173095703125
2023-06-30,ITC.NS,430.4231262207031,438.9930725097656,417.7607727050781,434.8525390625,171337530,0.013692543275395597,62.170018359265086,4.369636858231786,417.9456597900391,428.6219492998766,0.03723505074254773,438.9930725097656,255.36512756347656
2023-07-31,ITC.NS,434.8525390625,481.16876220703125,433.3600158691406,448.42962646484375,295075422,0.031222279238876327,49.90828363275465,4.062733787208572,438.87365966796875,451.2431067768298,0.0729429848272859,481.16876220703125,287.7190856933594
2023-08-31,ITC.NS,448.718505859375,451.4627990722656,419.9273376464844,423.3938293457031,238090908,-0.05582993549402204,38.53226158005052,-4.906119804818275,441.8038104248047,432.32306326323254,0.04392981471986553,481.16876220703125,297.3963623046875
2023-09-30,ITC.NS,423.6827087402344,440.0522766113281,420.4569396972656,427.9195251464844,213647606,0.010689092488133545,47.07027191137957,-1.416482920220119,435.345537109375,429.8563909390846,0.04218595232819552,481.16876220703125,311.2623596191406
2023-10-31,ITC.NS,424.6456298828125,441.207763671875,411.21295166015625,412.51287841796875,190962135,-0.03600360774199696,34.28368177510862,-3.6946764511790207,427.5276275634766,423.5771922191599,0.041775681747722365,481.16876220703125,313.28448486328125
2023-11-30,ITC.NS,414.0535583496094,428.0158386230469,409.7204284667969,419.6384582519531,161990406,0.0172735936422439,46.740717187295964,-0.6010114198707583,423.8993621826172,421.1291399975176,0.027990652220574865,481.16876220703125,313.28448486328125
2023-12-31,ITC.NS,421.66058349609375,450.54803466796875,421.17913818359375,444.963134765625,264526243,0.06034879791324266,60.833845940604725,4.133110902838098,427.987900390625,437.15671422728184,0.0571905824096692,481.16876220703125,313.28448486328125
